Workbook

Sheet Tournois
A1: Tournoi | B1: Début | C1: Fin | D1: Durée (j) | E1: Lieu | F1: Pays | G1: Portée | H1: Niveau | I1: Lien | J1: Affiche | K1: Source
A2: 33ème Étape FTT – Padel House | B2: 46314 | C2: 46320 | D2: =C2-B2+1 -> 7 | E2: Padel House Tunisia | F2: Tunisie | G2: TN | H2: Étape FTT | I2: Fiche | J2: Affiche | K2: fttlp.com
A3: FIP Gold Melilla Ciudad del Deporte | B3: 46315 | C3: 46319 | D3: =C3-B3+1 -> 5 | E3: Melilla | F3: Espagne | G3: INT | H3: FIP Gold | I3: Fiche | K3: padelfip.com
A4: FIP Bronze EWH City Pádel Taunton | B4: 46316 | C4: 46320 | D4: =C4-B4+1 -> 5 | E4: Taunton | F4: Royaume-Uni | G4: INT | H4: FIP Bronze | I4: Fiche | K4: padelfip.com
A5: FIP Bronze QNB Cup Antalya | B5: 46316 | C5: 46320 | D5: =C5-B5+1 -> 5 | E5: Antalya | F5: Turquie | G5: INT | H5: FIP Bronze | I5: Fiche | K5: padelfip.com
A6: FIP Bronze High Velocity Samui | B6: 46317 | C6: 46320 | D6: =C6-B6+1 -> 4 | E6: Koh Samui | F6: Thaïlande | G6: INT | H6: FIP Bronze | I6: Fiche | K6: padelfip.com
A7: FIP Bronze Viña del Mar | B7: 46317 | C7: 46320 | D7: =C7-B7+1 -> 4 | E7: Viña del Mar | F7: Chili | G7: INT | H7: FIP Bronze | I7: Fiche | K7: padelfip.com
A8: Hexagon World Series II | B8: 46317 | C8: 46320 | D8: =C8-B8+1 -> 4 | E8: Lieu à confirmer | G8: INT | H8: Hexagon (équipes) | I8: Fiche | K8: padelfip.com
A9: P25 H / F / Mixte – Treffel Padel Club | B9: 46318 | C9: 46320 | D9: =C9-B9+1 -> 3 | E9: Treffel Padel Club | F9: Tunisie | G9: TN | H9: FTT P25 | I9: Fiche | J9: Affiche | K9: fttlp.com
A10: Kuwait Major Premier Padel | B10: 46318 | C10: 46326 | D10: =C10-B10+1 -> 9 | E10: Koweït City | F10: Koweït | G10: INT | H10: Premier Padel Major | I10: Fiche | K10: padelspeak.com
A11: FIP Bronze Cyprus III | B11: 46321 | C11: 46327 | D11: =C11-B11+1 -> 7 | E11: Ayia Napa | F11: Chypre | G11: INT | H11: FIP Bronze | I11: Fiche | K11: padelfip.com
A12: FIP Gold Mediolanum Padel Cup Torino | B12: 46322 | C12: 46327 | D12: =C12-B12+1 -> 6 | E12: Turin | F12: Italie | G12: INT | H12: FIP Gold | I12: Fiche | K12: padelfip.com
A13: FIP Silver DAMAC Dubai II | B13: 46322 | C13: 46327 | D13: =C13-B13+1 -> 6 | E13: Dubaï | F13: Émirats arabes unis | G13: INT | H13: FIP Silver | I13: Fiche | K13: padelfip.com
A14: FIP Bronze JC Ferrero Academy | B14: 46323 | C14: 46327 | D14: =C14-B14+1 -> 5 | E14: Villena | F14: Espagne | G14: INT | H14: FIP Bronze | I14: Fiche | K14: padelfip.com
A15: FIP Bronze Tashkent | B15: 46324 | C15: 46327 | D15: =C15-B15+1 -> 4 | E15: Tachkent | F15: Ouzbékistan | G15: INT | H15: FIP Bronze | I15: Fiche | K15: padelfip.com
A16: P25 H / F / Mixte – Slim Padel | B16: 46325 | C16: 46327 | D16: =C16-B16+1 -> 3 | E16: Slim Padel | F16: Tunisie | G16: TN | H16: FTT P25 | I16: Fiche | J16: Affiche | K16: fttlp.com
A17: FIP Bronze High Velocity Phangan | B17: 46325 | C17: 46327 | D17: =C17-B17+1 -> 3 | E17: Koh Phangan | F17: Thaïlande | G17: INT | H17: FIP Bronze | I17: Fiche | K17: padelfip.com
A18: Coupe du monde FIP (équipes nationales) | B18: 46328 | C18: 46333 | D18: =C18-B18+1 -> 6 | E18: Khalifa Int. Tennis & Squash Complex, Doha | F18: Qatar | G18: INT | H18: Coupe du monde FIP | I18: Fiche | K18: padelfip.com
A19: FIP Bronze Cyprus IV | B19: 46328 | C19: 46334 | D19: =C19-B19+1 -> 7 | E19: Ayia Napa | F19: Chypre | G19: INT | H19: FIP Bronze | I19: Fiche | K19: padelfip.com
A20: FIP Bronze ESC Padel | B20: 46328 | C20: 46334 | D20: =C20-B20+1 -> 7 | E20: Espoo | F20: Finlande | G20: INT | H20: FIP Bronze | I20: Fiche | K20: padelfip.com
A21: FIP Silver Women's Padel Crossroads Maldives | B21: 46328 | C21: 46334 | D21: =C21-B21+1 -> 7 | E21: Malé | F21: Maldives | G21: INT | H21: FIP Silver | I21: Fiche | K21: padelfip.com
A22: FIP Junior Asia Padel Cup | B22: 46333 | C22: 46340 | D22: =C22-B22+1 -> 8 | E22: Jakarta | F22: Indonésie | G22: INT | H22: Jeunes / Promises | I22: Fiche | K22: padelfip.com
A23: Dubai P1 Premier Padel | B23: 46335 | C23: 46341 | D23: =C23-B23+1 -> 7 | E23: Dubaï | F23: Émirats arabes unis | G23: INT | H23: Premier Padel P1 | I23: Fiche | K23: padelfip.com
A24: FIP Bronze Doha II | B24: 46335 | C24: 46341 | D24: =C24-B24+1 -> 7 | E24: Doha | F24: Qatar | G24: INT | H24: FIP Bronze | I24: Fiche | K24: padelfip.com
A25: FIP Bronze High Velocity Kochi | B25: 46335 | C25: 46341 | D25: =C25-B25+1 -> 7 | E25: Kochi | F25: Inde | G25: INT | H25: FIP Bronze | I25: Fiche | K25: padelfip.com
A26: FIP Bronze Levante | B26: 46335 | C26: 46341 | D26: =C26-B26+1 -> 7 | E26: Nola | F26: Italie | G26: INT | H26: FIP Bronze | I26: Fiche | K26: padelfip.com
A27: FIP Silver Mediolanum Como | B27: 46335 | C27: 46341 | D27: =C27-B27+1 -> 7 | E27: Côme | F27: Italie | G27: INT | H27: FIP Silver | I27: Fiche | K27: padelfip.com
A28: FIP Junior America Padel Cup | B28: 46336 | C28: 46340 | D28: =C28-B28+1 -> 5 | E28: Cancún | F28: Mexique | G28: INT | H28: Jeunes / Promises | I28: Fiche | K28: padelfip.com
... A39: Premier Padel Finals | B39: 46363 | C39: 46369 | D39: =C39-B39+1 -> 7 | E39: Barcelone | F39: Espagne | G39: INT | H39: Finals | I39: Fiche | K39: padelspeak.com
A40: Hexagon World Series III | B40: 46373 | C40: 46376 | D40: =C40-B40+1 -> 4 | E40: Lieu à confirmer | G40: INT | H40: Hexagon (équipes) | I40: Fiche | K40: padelfip.com
A41: FIP Promises Continental Finals Africa | B41: 46374 | C41: 46376 | D41: =C41-B41+1 -> 3 | E41: Le Cap | F41: Afrique du Sud | G41: INT | H41: Jeunes / Promises | I41: Fiche | K41: padelfip.com

Sheet Résumé
A1: Calendrier padel — Tunisie & international
A2: Données de la table padel_events au 24/10/2026. Sources : fttlp.com, padelfip.com, padelspeak.com.
A4: Indicateur | B4: Valeur
A5: Total tournois | B5: =COUNTA(Tournois!A2:A41) -> 40
A6: En Tunisie (TN) | B6: =COUNTIF(Tournois!G2:G41,"TN") -> 3
A7: International (INT) | B7: =COUNTIF(Tournois!G2:G41,"INT") -> 37
A9: Par niveau | B9: Nombre
A10: Coupe du monde FIP | B10: =COUNTIF(Tournois!H2:H41,A10) -> 1
A11: FIP Beyond | B11: =COUNTIF(Tournois!H2:H41,A11) -> 1
A12: FIP Bronze | B12: =COUNTIF(Tournois!H2:H41,A12) -> 17
A13: FIP Gold | B13: =COUNTIF(Tournois!H2:H41,A13) -> 2
A14: FIP Platinum | B14: =COUNTIF(Tournois!H2:H41,A14) -> 1
A15: FIP Silver | B15: =COUNTIF(Tournois!H2:H41,A15) -> 5
A16: FTT P25 | B16: =COUNTIF(Tournois!H2:H41,A16) -> 2
A17: Finals | B17: =COUNTIF(Tournois!H2:H41,A17) -> 2
A18: Hexagon (équipes) | B18: =COUNTIF(Tournois!H2:H41,A18) -> 2
A19: Jeunes / Promises | B19: =COUNTIF(Tournois!H2:H41,A19) -> 3
A20: Premier Padel Major | B20: =COUNTIF(Tournois!H2:H41,A20) -> 2
A21: Premier Padel P1 | B21: =COUNTIF(Tournois!H2:H41,A21) -> 1
A22: Étape FTT | B22: =COUNTIF(Tournois!H2:H41,A22) -> 1
